Timestamp,x1,x6,x5,f2_value,f1_value,x2,x4,x3
185.0,0.2778257858059837,0.5277817314023376,0.6118216997731395,19.16309058849133,7.372183327205492,0.5310287678506664,0.5978402632639185,0.5455968910989304
184.0,0.23651635343032157,0.5798470307189524,0.5624904838384144,16.482542535110557,5.106056787437339,0.5517580656237949,0.4788995299517941,0.5854044993222591
183.0,0.2904410589342122,0.5638560486695813,0.530137403853363,25.467339369145996,10.424449029564004,0.600498813184039,0.6279508337070299,0.5625430587223537
182.0,0.15320218117494275,0.4190539712305252,0.4541675959144204,24.991366586071976,4.521423870506922,0.5496845040959406,0.6334859240000351,0.5132698841946486
181.0,0.277752375412488,0.5556132722184932,0.5042073972779968,16.786626466571736,6.455577308288536,0.5414250616622062,0.6258919195696767,0.5455968910989304
180.0,0.15795475773039425,0.2720121801344521,0.7114000253566819,85.26852277141708,15.995065562136897,0.5639681632333948,0.4047245968823665,0.5380414534751231
179.0,0.24946985247774045,0.5798470307189524,0.48530870150678335,13.173638022125072,4.378805494788234,0.5169105662610328,0.5989046461402726,0.4855877713138176
178.0,0.16073011169106766,0.32599085001774886,0.5540478687477309,54.32988429759334,10.404815534261818,0.6876543642298335,0.4996527718132952,0.4951721667576982
177.0,0.29770946888267785,0.5238703733879491,0.6018937649499299,12.176620666358236,5.161817098117408,0.49917729418364726,0.5699757623572113,0.5282737205055006
176.0,0.20242693049747842,0.24572225737214762,0.5955217857266739,75.86872499947546,19.255756882539234,0.6308918916312257,0.6178352480670077,0.4849212906510604
175.0,0.13733057679791627,0.5685999576576916,0.4161806330530111,66.16571281469072,10.533090962420944,0.4147228440098002,0.6042355078589288,0.27111865070570756
174.0,0.2668579025514716,0.4793226027613116,0.5574580878544908,8.623219580691075,3.13878346169524,0.5615247555036068,0.5510070043986964,0.470894031586438
173.0,0.1953579792639647,0.7310755904139123,0.5416569467961633,48.01450721235786,11.657379135856027,0.565932794100652,0.5437631537472528,0.5642281474996573
172.0,0.25236152416541,0.542009508661286,0.6009258521579282,20.538790253274133,6.932763067128017,0.5325934818861207,0.5479426428040233,0.39297908217483873
171.0,0.24515875451510621,0.5556132722184932,0.5042073972779968,16.40097817852519,5.32674043333942,0.5157010088786494,0.6258919195696767,0.5455968910989304
170.0,0.22861858795303933,0.5326081496121295,0.45819821339667655,21.756255365677518,6.4480220850125,0.6011818384307255,0.41417208213558476,0.5834102442873338
169.0,0.25236152416541,0.542009508661286,0.6009258521579282,19.336490894018954,6.526933099019392,0.5185013636328715,0.5381402604791138,0.39297908217483873
168.0,0.25942481856180877,0.6514823302390055,0.41698206132823773,35.30090215979253,12.36596954287303,0.557313450499501,0.6215103407926639,0.49310500619200504
167.0,0.2580142826415895,0.6366411626529236,0.5351230363315216,22.6378133066726,7.871956325102641,0.5397225460589852,0.5812728952043957,0.5455968910989304
166.0,0.23651635343032157,0.5798470307189524,0.42886823270164137,18.95906687023231,5.873248733926519,0.5267658616849202,0.4788995299517941,0.39284181972420396
165.0,0.2719786970921432,0.5638560486695813,0.5689704081924446,19.172963211508833,7.1627540744116995,0.5811312403062228,0.6002690134923283,0.5036371861804652
164.0,0.23003331205590716,0.42117933874054986,0.730350111738019,46.066061619087066,13.762580762947929,0.579109816593252,0.5078319333208378,0.49078905878270446
163.0,0.23651635343032157,0.6514823302390055,0.41698206132823773,34.04509988943248,10.54668677475692,0.5169105662610328,0.6215103407926639,0.49310500619200504
162.0,0.24577696522663534,0.31607282028450195,0.5474880771336662,42.670584848348525,13.90496758246598,0.6415278116421846,0.46219981095592866,0.5348091263206799
161.0,0.28170059623564736,0.5496657122450397,0.4150816656664247,40.009405183711976,15.690773563530277,0.46745475202609627,0.319769352866909,0.3818411581006837
160.0,0.2869839762991551,0.5638560486695813,0.530137403853363,15.469222648906975,6.22625421936224,0.5811312403062228,0.572688137445162,0.5625430587223537
159.0,0.09951771119692054,0.38509578124538124,0.6140740462525509,85.49391117161737,9.448446090351467,0.5595900355706501,0.7450755953475232,0.38454085943749067
158.0,0.25791452631109407,0.5558678802940098,0.6126594826759569,23.170016221332162,8.052824061680036,0.5656491051365841,0.5985244273572163,0.47402807878662606
157.0,0.27880084369541375,0.4562831826559795,0.5706929232587137,155.38350251050775,60.068084131232794,0.6603491105144891,0.9853600190852974,0.19457791897693713
156.0,0.2168904370542929,0.3712122733163781,0.5807673584240739,20.684460136823294,5.728778974978161,0.5296421663866083,0.5174443759507774,0.5410305479800925
155.0,0.2719786970921432,0.5638560486695813,0.5016016483652165,8.29053990555604,3.09723112867336,0.5811312403062228,0.4967890252120644,0.5036371861804652
154.0,0.18513629379369267,0.5757231969116119,0.5074457448837896,59.62799483003446,13.547426256811486,0.5310287678506664,0.6101476207819482,0.7516126277929249
153.0,0.2852848333888213,0.790727221428416,0.42020592962349257,64.8642093691995,25.891118626361433,0.6035468983051409,0.5559605381487217,0.44655218899419447
152.0,0.24242997765867408,0.5128289809110267,0.5812177331563702,14.532124766856079,4.650425147069339,0.5185013636328715,0.4996735106713471,0.39297908217483873
151.0,0.27862383222347226,0.6880351135057213,0.514174468675725,80.30177575723174,31.01570234125197,0.8163544426329165,0.5278366088659088,0.541395343580898
150.0,0.24515875451510621,0.5556132722184932,0.6075325176217157,19.698585817571757,6.397743623088059,0.5157010088786494,0.5915174180430106,0.5455968910989304
149.0,0.24515875451510621,0.7003226435741685,0.5284870954028218,42.37506795802437,13.762653995422326,0.5157010088786494,0.6004510958179364,0.5875169816892771
148.0,0.26900535270115133,0.6562647820162141,0.5322195610706145,25.812337637849872,9.498916327183816,0.47596349768927876,0.5975334457725002,0.5107493456358925
147.0,0.2814520683953703,0.5506070840199494,0.6132331182658444,23.259657394045085,9.110705626975154,0.611270498339051,0.5437631537472528,0.5455968910989304
146.0,0.2769239382122064,0.5644584282091587,0.5330399201787738,57.00846280503036,21.83312222003309,0.5324519392434456,0.7770624847712,0.5975276913654235
145.0,0.23651635343032157,0.6514823302390055,0.41698206132823773,31.620449185010735,9.795564539816223,0.5169105662610328,0.49798776416754875,0.39284181972420396
144.0,0.049673177844814474,0.4549128073546283,0.46399499676665573,43.516485075674225,2.2745881226871205,0.4660575226687711,0.6829217928208752,0.5968747806046967
143.0,0.2566137637086816,0.3722853665215837,0.4519844994875008,34.24013200268638,11.819547785719534,0.5602007708952466,0.41899363911623705,0.3695107233339843
142.0,0.2917364901766974,0.5450070155522809,0.5350613662498733,17.746133045513638,7.309701117029817,0.5666620702327979,0.6117409730272467,0.5640901908587906
141.0,0.1953579792639647,0.5621207064501913,0.5416569467961633,11.913551089733804,2.892475419838796,0.565932794100652,0.5437631537472528,0.5455968910989304
140.0,0.23651635343032157,0.5798470307189524,0.48530870150678335,14.727906249576716,4.5624954712053825,0.5169105662610328,0.5171464513455952,0.39284181972420396
139.0,0.28735918498678015,0.5323334703697046,0.6918776388704246,30.237115591621208,12.192555786463268,0.5310287678506664,0.5602977994954031,0.5455968910989304
138.0,0.24805275473767002,0.6546174437051259,0.6346821962277569,36.18607716918617,11.937082264108945,0.5310287678506664,0.5602977994954031,0.5455968910989304
137.0,0.26556454418904446,0.6135637253765653,0.6291630061485913,56.49245585194268,20.427109243895906,0.5793626146786626,0.3006616994618666,0.5657289721195594
136.0,0.26169479336220247,0.5645535720060939,0.6118216997731395,22.267266401717713,7.892708364167596,0.5334089987040005,0.5978402632639185,0.5455968910989304
135.0,0.25123504790908113,0.5699445707138711,0.4422471366562451,58.67791104258587,19.688351799616306,0.508665251656763,0.23806828061736499,0.6105440205393904
134.0,0.23651635343032157,0.5798470307189524,0.41698206132823773,20.01630334005838,6.20076552577962,0.5169105662610328,0.4788995299517941,0.39284181972420396
133.0,0.24515875451510621,0.5556132722184932,0.5042073972779968,10.984189408250808,3.5674656237881486,0.5157010088786494,0.5915174180430106,0.5455968910989304
132.0,0.24515875451510621,0.6056238813730188,0.5042073972779968,23.66831031077808,7.687038184486068,0.541492044346343,0.6004510958179364,0.5875169816892771
131.0,0.15961179627730862,0.46957017513295835,0.48416512703807024,27.63788450945626,5.24916029558496,0.6473796178953931,0.5790533988356009,0.43927093454107274
130.0,0.27412510479212066,0.5087901491602921,0.5660879165700025,33.17084902654235,12.526900331551557,0.5310287678506664,0.7023780033965668,0.5477307549060847
129.0,0.23193352533087835,0.34360235338968226,0.35644069621446256,47.317930363251484,14.28862574067918,0.4555037221546443,0.6082757945716972,0.5611860890997141
128.0,0.26175162267947677,0.5736477557336127,0.6937740400050016,56.86917220311967,20.163401047534343,0.6472243047097497,0.6249525885650868,0.49607269626673256
127.0,0.24805275473767002,0.49594982418509703,0.5660879165700025,12.561921537753694,4.143933316959216,0.5310287678506664,0.5863222739244025,0.5556255863278872
126.0,0.24836907006024972,0.6259367248643177,0.48481612861446244,25.160234863379372,8.31395288112468,0.5262128963656144,0.6187214798946474,0.5482383234472293
125.0,0.2741937869637707,0.5031616263998935,0.4008467607380882,21.178555300453745,8.000797149366905,0.5809275453990765,0.5408686471015638,0.39817175511455016
124.0,0.2668579025514716,0.43041912996403653,0.5574580878544908,7.376139047438109,2.6848560490219806,0.5169451102732353,0.4927604403226667,0.470894031586438
123.0,0.25092255864212276,0.5618730140577395,0.517417618657367,25.737297065923414,8.621362860169903,0.5370890188198357,0.6391995374086191,0.5960703313743236
122.0,0.28868682171496696,0.5161628480637112,0.398238791297035,12.493882206424665,5.070648562634408,0.45291312740223677,0.5437631537472528,0.5455968910989304
121.0,0.26175162267947677,0.5736477557336127,0.5812177331563702,21.70486750340661,7.69562719484732,0.5346458786208195,0.6249525885650868,0.49607269626673256
120.0,0.23684992082587333,0.5277817314023376,0.6118216997731395,20.250396389671167,6.284877526025654,0.5310287678506664,0.5978402632639185,0.5455968910989304
119.0,0.2816760958361805,0.6414355506051276,0.5364605117323572,36.18032607287534,14.187378333386667,0.5215062149404267,0.3616994431462021,0.4009622872897054
118.0,0.22347106192927849,0.5277817314023376,0.6118216997731395,14.658292118611836,4.218392831507625,0.5310287678506664,0.5437631537472528,0.5455968910989304
117.0,0.24277001842332138,0.5824310327245515,0.5359546503381144,103.17379224078888,33.077802058163606,0.4697619226430624,0.919443925045694,0.6584211967020465
116.0,0.20050731114448167,0.5175638918048543,0.4692294835208984,33.42582058348669,8.382967726180134,0.5456330736841039,0.5676333332736399,0.6893257004252112
115.0,0.24805275473767002,0.5003733137856388,0.5660879165700025,21.879087270115637,7.217484873695774,0.5666728269814169,0.6333694361868796,0.5455968910989304
114.0,0.16623961386740538,0.517946965075555,0.517417618657367,25.306890441984276,5.0458234346854045,0.5370890188198357,0.6375560646118272,0.5960703313743236
113.0,0.24242997765867408,0.5128289809110267,0.5812177331563702,19.456285750057738,6.226205869563977,0.5185013636328715,0.4996735106713471,0.36455300386278316
112.0,0.2725799703498961,0.49594982418509703,0.5350613662498733,14.454939878534528,5.416577662008719,0.5372187836747908,0.6117409730272467,0.5640901908587906
111.0,0.20011592363601471,0.4917468692251971,0.5698465305611233,40.479357946464525,10.127172602900346,0.4967135621043196,0.7190205919346269,0.5474187110293369
110.0,0.1799993096564375,0.49594982418509703,0.6023661921832062,45.08924126248161,9.897592033463782,0.7102114363160015,0.5437631537472528,0.5455968910989304
109.0,0.17629671673582945,0.5543953803739594,0.4376661764260733,52.22847609313731,11.178429226174222,0.6959298203049822,0.6375560646118272,0.5455968910989304
108.0,0.1681415528328784,0.47687660967915946,0.5253376892473355,54.22451624721626,10.960271419335468,0.5230105060362553,0.7409357578966692,0.6136553412540062
107.0,0.1839040632733665,0.22295763686847758,0.527178974053701,61.175703430832456,13.785708184827131,0.5152464458848893,0.556556208045128,0.5882452608302452
106.0,0.2038344754932479,0.6424015091749569,0.503225955661178,134.942502365608,34.54800960953541,0.032665299227560604,0.6111009894236652,0.6690101889913201
105.0,0.16057544237315152,0.5365250410293888,0.6863476844698584,41.70661147301107,7.978153041051451,0.5098657079615488,0.5743577156803373,0.5987295133553436
104.0,0.24515875451510621,0.5556132722184932,0.5454095521506586,33.62791214942681,10.92173633702409,0.5229926514954458,0.6984621078410126,0.5455968910989304
103.0,0.18241660897838505,0.5663386118154503,0.4557444673764341,42.32039772542182,9.442392700812475,0.6694791709954578,0.5676333332736399,0.6136553412540062
102.0,0.2670659218750067,0.5676205268584902,0.5042073972779968,17.105744859276157,6.232977366652288,0.5157010088786494,0.6004510958179364,0.5875169816892771
101.0,0.14435077259177795,0.26680695784934466,0.3574606923027436,99.77058931024311,16.831618831111896,0.6820449742478681,0.5302545919547675,0.6315421321250129
100.0,0.2050754027239299,0.4631369373677453,0.5865555956587747,30.25302996148971,7.804705407570844,0.48007157811928686,0.6575998477152778,0.5651103718670536
99.0,0.15855689563570055,0.4928174576728845,0.6185088958054707,49.88658147534436,9.400352146903451,0.5306764125796309,0.5676333332736399,0.7080890076448866
98.0,0.24515875451510621,0.5676205268584902,0.5042073972779968,17.6170301530458,5.721692072882645,0.5157010088786494,0.6004510958179364,0.5875169816892771
97.0,0.25309944054597877,0.5286037790763605,0.6459058344281294,102.74267450215062,34.81603154200438,0.12026941345310443,0.6471026115003277,0.5312042847047851
96.0,0.15855689563570055,0.47687660967915946,0.5253376892473355,16.360021285133616,3.082792138946225,0.4865748088716369,0.5676333332736399,0.6136553412540062
95.0,0.18671673935190178,0.47798881083653016,0.6301472935824685,45.990027201286594,10.558569611879767,0.34647154758414295,0.4416654769082311,0.6129482105243855
94.0,0.19836035117137174,0.5379447143456102,0.5807361582475817,24.211613011431627,5.991001151690314,0.4865748088716369,0.5919887008373612,0.6136553412540062
93.0,0.18513629379369267,0.5621207064501913,0.5074457448837896,32.04909942145524,7.281526273808016,0.5310287678506664,0.5568336488122818,0.6805868071908113
92.0,0.23902572088753754,0.44862799879590715,0.31565566146446594,65.47048325753732,20.564597105358366,0.4980990931574781,0.6365923158764679,0.6884585042871557
91.0,0.17785975180871244,0.5621207064501913,0.5909404617525229,14.733634408889358,3.187437380630038,0.5310287678506664,0.5437631537472528,0.5455968910989304
90.0,0.23526117990194295,0.4872987133810526,0.44587394982542783,61.09059822553552,18.793666336452198,0.5986319216133454,0.27273526560292854,0.6470914584930021
89.0,0.26064868597035473,0.1369113355956108,0.579421336146143,80.72352865730377,28.458029724381955,0.5701202900932877,0.5695166940992146,0.5550060667016569
88.0,0.16623961386740538,0.49594982418509703,0.4376661764260733,22.133552912867575,4.4131063923727085,0.5370890188198357,0.6375560646118272,0.5455968910989304
87.0,0.24963329247643623,0.18293135167309027,0.5016680121786723,68.56583709709147,22.810601129198435,0.5733537020919264,0.4917932019168303,0.5989135623300453
86.0,0.15409711339427115,0.5002586641337023,0.055083524096157854,96.3289285698642,17.548125280127728,0.5519880454866655,0.5597359252613965,0.5024395885832444
85.0,0.26263119169911453,0.6152547279636126,0.5807361582475817,51.48626619879684,18.338041012456557,0.685320172915591,0.5676333332736399,0.6136553412540062
84.0,0.22874838439925907,0.5665280413912765,0.5080074372115988,106.09637080275397,31.467517112234333,0.10533197303687328,0.694337140699085,0.5216096993060838
83.0,0.18941492708553903,0.2650350113106688,0.4508996783049337,44.86416716265293,10.4837150791748,0.5273838321141149,0.44132002894713823,0.5037571493935893
82.0,0.2111775104612945,0.4924345957869495,0.6342147653410226,28.410432214172985,7.605823142323108,0.5160937287144184,0.5676333332736399,0.6136553412540062
81.0,0.15578626674530213,0.3241604593014195,0.4665004391694455,45.11774475861375,8.325764842528692,0.5179949076670939,0.5742595524066381,0.6305312009399272
80.0,0.21042081560199494,0.5178917589357562,0.3394095463721633,54.61331462276985,14.554307449750219,0.5734645537930732,0.6125827455626378,0.6637385431267733
79.0,0.1587956412216649,0.5114775196926276,0.6397429455043154,53.880006863539194,10.171024614457533,0.3818936557777997,0.6471685391601746,0.4026021763295595
78.0,0.2580142826415895,0.5621207064501913,0.5351230363315216,8.042532136333092,2.7966686032253603,0.5310287678506664,0.5437631537472528,0.5455968910989304
77.0,0.17057726026346892,0.47687660967915946,0.5770852369795716,46.2962297448291,9.521180999823564,0.5051993472065704,0.6467988279551199,0.6715350074984624
76.0,0.2111775104612945,0.4924345957869495,0.46072190894203435,15.743229723299024,4.214656787398062,0.5160937287144184,0.5676333332736399,0.6136553412540062
75.0,0.24805275473767002,0.49594982418509703,0.5660879165700025,8.91000475818305,2.9392370793538887,0.5310287678506664,0.5602977994954031,0.5455968910989304
74.0,0.19858113745273673,0.39683640546454757,0.5356407458613249,31.0533540755224,7.694615964540195,0.6637178511563764,0.5263850519256236,0.5000775612828314
73.0,0.24515875451510621,0.5556132722184932,0.5042073972779968,8.342888343152289,2.709618913248356,0.5157010088786494,0.5696933924920587,0.5455968910989304
72.0,0.2434138687800068,0.4936552331269306,0.6130056858233713,23.445256805525915,7.542962298782141,0.4865748088716369,0.5676333332736399,0.6136553412540062
71.0,0.20782550713749043,0.4916447846504702,0.6168055665769122,25.193183016960326,6.609384780855494,0.4586966719860641,0.5775906981019315,0.5986628402331449
70.0,0.17785975180871244,0.5621207064501913,0.523334417583377,13.190113426503542,2.853515936639613,0.5310287678506664,0.5807049747486267,0.5576755796526529
69.0,0.20458256818840587,0.5972582960583876,0.398238791297035,20.305316268781077,5.222558098436309,0.5310287678506664,0.5437631537472528,0.5455968910989304
68.0,0.17785975180871244,0.5621207064501913,0.459193708598168,9.275900872014445,2.006725045426613,0.5310287678506664,0.5437631537472528,0.5455968910989304
67.0,0.1198716400852309,0.5175638918048543,0.4557444673764341,34.308729866045994,4.672777182958112,0.4865748088716369,0.5676333332736399,0.6831272238281351
66.0,0.1198716400852309,0.47687660967915946,0.5029043832986557,21.711816059272607,2.95710389392054,0.4865748088716369,0.6143807988291102,0.6017865579793823
65.0,0.19836035117137174,0.4936552331269306,0.5807361582475817,19.952091420155792,4.937011120256454,0.4865748088716369,0.5676333332736399,0.6136553412540062
64.0,0.18617965436261175,0.5353662711749081,0.4557444673764341,40.25791187172604,9.209900142970936,0.6683085952098593,0.5763194953455518,0.6136553412540062
63.0,0.16740950890210543,0.5752182964834354,0.47705987046202225,39.95061027345377,8.03289506393357,0.6200580828151303,0.5665251884846335,0.6523225656202203
62.0,0.1799993096564375,0.49594982418509703,0.597960078965246,12.53290742281098,2.7511131522936143,0.5310287678506664,0.5437631537472528,0.5455968910989304
61.0,0.16623961386740538,0.49594982418509703,0.398238791297035,13.35936415066387,2.6636616165249576,0.5310287678506664,0.5437631537472528,0.5455968910989304
60.0,0.15855689563570055,0.47687660967915946,0.4557444673764341,17.499443072404677,3.2974984933893694,0.4865748088716369,0.5676333332736399,0.6136553412540062
59.0,0.05134845183571425,0.5022518981228667,0.45077854273800344,40.57223479990086,2.196087118100832,0.6310786209788831,0.5533297449349146,0.6433233165243042
58.0,0.15067682158341805,0.5770503181981107,0.5925090863828834,64.30961762040643,11.409047847196527,0.3474094525685302,0.6553739537699389,0.62274066249777
57.0,0.14783789632955766,0.5228002218853137,0.5656469931973849,26.288084443222576,4.560605412843821,0.4837990908079811,0.5470979071559909,0.654084204592215
56.0,0.12507079439778043,0.5955888028074166,0.45559391570967234,48.730149439541385,6.965956173940909,0.6716858935176447,0.5174414408834218,0.6265444818405462
55.0,0.11339381943214856,0.4754888546135373,0.4470402505807579,27.68278536823706,3.5405311109091318,0.43286504895312955,0.5599778245571961,0.6392688334564914
54.0,0.08094014489792384,0.5084639505422476,0.6602063405803275,78.66635677219817,6.92802136921355,0.6624742681235585,0.6885108479651503,0.5477642101254157
53.0,0.13919328453986915,0.47687660967915946,0.4557444673764341,17.902146960867444,2.8947946049266027,0.4865748088716369,0.5676333332736399,0.6136553412540062
52.0,0.05619387136696652,0.5817473836020945,0.4340836893246357,35.968146236947035,2.1415302588410214,0.5036927861683352,0.5019400765525474,0.6665705300953253
51.0,0.06136991729393567,0.472167807096505,0.6470592962187549,38.369532548975336,2.5086933420553743,0.46121985498233664,0.6279308315631248,0.5303920004865451
50.0,0.09161365431217319,0.4953512713814287,0.39931891100610867,32.001611536579624,3.227464383037068,0.4614965090582423,0.5711473529030673,0.6349289680881572
49.0,0.09140533532870997,0.606768123895707,0.4019100722566759,36.50632762960399,3.672565169432192,0.4216448804601374,0.5700056889854821,0.5851169530853443
48.0,0.1198716400852309,0.47687660967915946,0.4557444673764341,16.136500860243842,2.197757635649288,0.4865748088716369,0.5676333332736399,0.6017865579793823
47.0,0.0831560704365557,0.5645236431025062,0.3767082090327016,85.4688819575584,7.751871544353808,0.19803371860613592,0.48677587035411196,0.5508021862257105
46.0,0.05502396450258641,0.5547213682119297,0.5209507900437318,116.74502517210539,6.797816960027094,0.9572008848261698,0.4942285300020664,0.6039094197713686
45.0,0.06855110147202033,0.4754888546135373,0.4470402505807579,30.901765944713638,2.274252614704288,0.4196483141302945,0.5599778245571961,0.6392688334564914
44.0,0.08094014489792384,0.5084639505422476,0.46452844466102583,23.817853088667192,2.0976005746003024,0.6422241942554041,0.5441726317532,0.5477642101254157
43.0,0.058317417028034155,0.4236923055757016,0.6644547468005167,44.504157310386326,2.756095895030798,0.5872366915239288,0.5367759949548655,0.5766205448595395
42.0,0.06855110147202033,0.49594982418509703,0.398238791297035,16.124189409061312,1.1866791040082318,0.45291312740223677,0.5437631537472528,0.5455968910989304
41.0,0.06438163484056181,0.447030573298744,0.7628861091758892,93.1908526010933,6.412635392873877,0.5822156305078383,0.5654867728447953,0.6703863493424338
40.0,0.06294169651208603,0.5785396977655551,0.45692349566799184,134.40773125751528,9.028094194565407,0.9652136707101651,0.654772958533336,0.5449575930640886
39.0,0.09140533532870997,0.586512958748448,0.4786619558598547,39.9909287658283,4.023118774607298,0.3940520930134036,0.5637177256104102,0.6437100466149521
38.0,0.05679521638241386,0.538749812499821,0.4477472922773487,26.58420348266393,1.600771768100124,0.6048167699585489,0.5405509974520348,0.6029230865268129
37.0,0.05619387136696652,0.5817473836020945,0.39816631641454364,25.242835589681118,1.502949189489272,0.5036927861683352,0.5019400765525474,0.5946538349215359
36.0,0.0903231976129634,0.5868085776321084,0.43533245788670605,86.49773407478722,8.588491986834795,0.6042608867995583,0.6756749596519357,0.7190830200953611
35.0,0.06855110147202033,0.5824101739181284,0.398238791297035,21.977338991192536,1.617448684142679,0.45952459634970666,0.5437631537472528,0.5455968910989304
34.0,0.03080391043309596,0.49572573830923516,0.8089528889800043,98.37510090988451,3.1266508706499208,0.4528849695054531,0.3417963689705049,0.5422304020098089
33.0,0.9267424758596737,0.4704727765433352,0.6791282586341948,13.11270427732182,165.88193731340638,0.1171222843283644,0.6924930157176228,0.3605931268970685
32.0,0.08726311010229332,0.5916522435651359,0.4236822110375218,83.61905380307813,7.994482067537971,0.5365302394670575,0.5437631537472528,0.8104204756328306
31.0,0.06855110147202033,0.5714385841642217,0.398238791297035,24.943798597861832,1.835768845163652,0.4196483141302945,0.5437631537472528,0.5455968910989304
30.0,0.09141938868990337,0.43123154198242386,0.4157916708910915,85.40482042376573,8.593245747401165,0.8301496000735425,0.5252714866738416,0.5345785870460079
29.0,0.08891851143365116,0.4688928096514549,0.557029400341439,44.42391185749977,4.335625478072635,0.6782393003633511,0.4242873684620347,0.5905258287346801
28.0,0.06855110147202033,0.5947450150648961,0.47122951805127306,36.331316280342925,2.6738468990427804,0.4196483141302945,0.5437631537472528,0.6436955144315158
27.0,0.09140533532870997,0.5833579619431662,0.4019100722566759,35.4264931831961,3.5639329778607025,0.5966766601576128,0.5700056889854821,0.5851169530853443
26.0,0.09140533532870997,0.586512958748448,0.4786619558598547,28.429772994430657,2.860057443563315,0.3940520930134036,0.5637177256104102,0.5851169530853443
25.0,0.910402364898986,0.036944740167746765,0.8740682881557005,39.07385428749957,397.0297799596207,0.8945484682176947,0.15769691070635894,0.7514519141545267
24.0,0.06855110147202033,0.7760046171237164,0.398238791297035,77.78873386548564,5.724955386194714,0.4196483141302945,0.5437631537472528,0.5455968910989304
23.0,0.06855110147202033,0.4754888546135373,0.398238791297035,20.671927835412458,1.521375380771974,0.4196483141302945,0.5437631537472528,0.5455968910989304
22.0,0.09140533532870997,0.586512958748448,0.4019100722566759,36.79699864336985,3.701806901214996,0.3940520930134036,0.5637177256104102,0.5851169530853443
21.0,0.09161365431217319,0.46304269829786804,0.35062708687370214,51.97241155185543,5.241583130662734,0.3964931750785464,0.5711473529030673,0.6349289680881572
20.0,0.09140533532870997,0.5833579619431662,0.4019100722566759,41.01419015530141,4.126059672315022,0.6276971439633994,0.5663444737020455,0.5851169530853443
19.0,0.9077796089716605,0.8943209312105765,0.6295650507190775,21.38674640107231,210.52233750749767,0.9572312349952429,0.5850225354078237,0.45870372487357464
18.0,0.09151040501533855,0.521374629480057,0.3365520574218329,130.82783002789182,13.178035036639448,0.5484410869543557,0.5807964220236249,0.04383396416374664
17.0,0.09140533532870997,0.5833579619431662,0.4019100722566759,32.54932651233661,3.2744877559457763,0.4216448804601374,0.5700056889854821,0.5851169530853443
16.0,0.09140533532870997,0.5833579619431662,0.4019100722566759,28.19575794201008,2.836515345892945,0.5435630401832408,0.5663444737020455,0.5851169530853443
15.0,0.09497887983321437,0.5927767368256887,0.3824576809797618,102.48169816487722,10.755104691161044,0.40357301835391723,0.8093682142613093,0.5886985030208227
14.0,0.09140533532870997,0.5833579619431662,0.4019100722566759,34.567341578513776,3.477501653115253,0.3940520930134036,0.5465710912976958,0.5851169530853443
13.0,0.9070787354216044,0.9672285819563892,0.06559653566222667,27.828437904182117,271.6556256247198,0.7108253072014953,0.3370390335862108,0.36234843221161467
12.0,0.09140533532870997,0.5833579619431662,0.4019100722566759,31.540835009789085,3.1730327204378797,0.40620843451128463,0.5350070750467932,0.5851169530853443
11.0,0.9330395274630103,0.7072395328656778,0.05109191297581698,19.760132149798718,275.34131204749264,0.09872767917046704,0.6699917452944637,0.6514029520820955
10.0,0.09244437923280048,0.5770503181981107,0.3870730537530348,87.99439666850063,8.96318329129822,0.3937745715699648,0.5251336074192884,0.7873742877008749
9.0,0.09140533532870997,0.5833579619431662,0.4019100722566759,33.687933642057416,3.3890325255185125,0.3940520930134036,0.5350070750467932,0.5851169530853443
8.0,0.09497887983321437,0.4580526707409441,0.3475491408570692,33.74206699184876,3.5411148477424104,0.40357301835391723,0.5469878914298092,0.4699905287640146
7.0,0.9066511847927768,0.5542268350617623,0.3734320567504178,17.179375987102965,166.85483964773732,0.08522165136491788,0.6805357891239858,0.6874898746774609
6.0,0.0903231976129634,0.5690119734501591,0.37809534331029104,39.752320471111446,3.947068550131489,0.4065727985475027,0.5290789735700131,0.6185584777683568
5.0,0.0903231976129634,0.5677796925226162,0.37809534331029104,37.36789998634274,3.7103158022621088,0.4065727985475027,0.5290789735700131,0.6072009665171997
4.0,0.09244437923280048,0.5770503181981107,0.377506418651863,33.75107299435053,3.4379126964869724,0.3937745715699648,0.5143870248666006,0.5647883441695788
3.0,0.09771932936221688,0.4547252586118413,0.350176178090077,43.47149470552488,4.708075266639949,0.3675075466115254,0.5578177785662346,0.5560308156157945
2.0,0.09161365431217319,0.46304269829786804,0.34446569612831895,38.484681346141514,3.8813026086272626,0.3964931750785464,0.4724012035739408,0.5746681823376047
1.0,0.5036089286156765,0.4135448189364691,0.6685522217204993,71.64765175263166,72.68945639240893,0.3310915291430953,0.3899535006404789,0.800766419217599
0.0,0.8247619877297239,0.6006047609904006,0.09410809003027171,48.5863102945605,228.67265689586858,0.5678608485004121,0.9203047777672273,0.23138499560526657
0.0,0.7820422227205795,0.6784646971248427,0.6477074848612107,57.066642762510014,204.7576585990833,0.9306374615897013,0.9346149053065506,0.4791204676601952
0.0,0.3339583432343142,0.9913544378995636,0.9535630531512655,317.3277720963886,159.1105540547712,0.9713271250867967,0.9896445589730937,0.309392771539969
0.0,0.5500577144459818,0.3785758685265914,0.6710098303869056,90.04525461145403,110.0809782465679,0.28654095120497153,0.5964872791117557,0.05395737005993142
0.0,0.5166141604088399,0.6708976288243228,0.7258574691148415,87.28888348600026,93.28918963221062,0.7590849256449504,0.7384109163351119,0.5445984336053595
0.0,0.5644969875000153,0.24021444568366201,0.8656330492889625,130.10456653279692,168.64093647977177,0.6995045211390593,0.11045147237598185,0.6414678151937845
0.0,0.9623335743846145,0.7883573498853731,0.1723083548230019,12.30967105206019,314.4978465434534,0.45965431991838557,0.20789025137751818,0.0023719434445798916
0.0,0.9467660471255255,0.26941732698593485,0.48005783753711273,12.17356706079171,216.50693482673373,0.5567808507099431,0.9651270951415958,0.20511140652229715
0.0,0.2074974818436271,0.1432303615853563,0.2341824077511761,238.40632992369805,62.42089076237783,0.20423470158849216,0.8065312463949713,0.3823362626755893
0.0,0.3526172028572526,0.10791543266113386,0.0036073270425846255,274.25127845801785,149.37950022259895,0.056701120560040646,0.9421055861929375,0.4687449617171124
0.0,0.246718597003928,0.7252947764714892,0.8322605026238896,229.7051193922632,75.23420139628017,0.5869970652128355,0.19219238067109454,0.9035496086049903
0.0,0.8519052731910053,0.5624579471235773,0.5552892598163728,27.82724632258534,160.07442257664258,0.8956334910696601,0.1829354110197567,0.5850513806839354
0.0,0.6477611326034518,0.0734545099690381,0.9722957786516248,79.05219392600306,145.3756056245974,0.5357905122498572,0.44906647004251476,0.42538528399138054
0.0,0.47147222067556344,0.1854375375721441,0.26579982799951585,135.12575191697488,120.53867520110855,0.8121522270578398,0.6319191918378526,0.28407165961662206
0.0,0.5405011155434498,0.18796667208417223,0.30855570496353363,138.05210148781913,162.38845703735223,0.6442176184832789,0.7774810471960156,0.03520371766369084
0.0,0.7321327872614248,0.5010120296908043,0.8500343324166034,76.89604689045069,210.17173607669184,0.24845520109152727,0.23722967075805632,0.13423952440611528
0.0,0.9690838807343826,0.3998710592541956,0.949187074292178,7.3706936132981635,231.03871184837925,0.3222622157873515,0.38038534512315125,0.8200966556884127
0.0,0.40587324325404106,0.8294299040430387,0.4234820702177691,164.1333129879761,112.12644324137922,0.028819983589847897,0.42156298595172065,0.18786008755001965
0.0,0.6920820434065651,0.9413589376399709,0.3226795630222818,82.17542929730735,184.6990011725245,0.4906768329891511,0.7528791358081691,0.18042725789650435
0.0,0.8856830962422972,0.9554442624766422,0.5094316247015249,28.195489850592782,218.4477354623824,0.3051211093984889,0.284963498695994,0.7740554894561802
0.0,0.489076372980194,0.8156451299009788,0.6401011266767911,104.46730424699379,100.00024965405942,0.716739006202121,0.6211735305783307,0.7504967919102574
0.0,0.4531269237721869,0.8793762418799796,0.4181366928646335,121.9659020973006,101.05824628204432,0.5093769435836724,0.05386242491111781,0.6231832223448199
0.0,0.6602748669761274,0.808214008122948,0.8209133458633849,126.34488227094474,245.5583712397881,0.004974217629131059,0.4294626192903767,0.06841221295441502
0.0,0.5911378155636934,0.48670173823714646,0.784446090689346,89.56119577728462,129.48864347542485,0.18422971663898507,0.6662533104674737,0.747417192041471
0.0,0.2722666352723153,0.2212785868814455,0.19464191068153602,171.8592702555615,64.29765010203492,0.16409375359723682,0.5917402619629365,0.6060387467458195
0.0,0.8314602691341001,0.13746083996855282,0.037698668796640925,79.09776475751669,390.2145116484039,0.7698662500402808,0.09626050078379757,0.9823024638740305
0.0,0.7420100333756441,0.3459575868134532,0.9174670595371499,70.61364669507562,203.0933025286204,0.9623589599389507,0.3713460449594248,0.3466572268726476
0.0,0.20047998655781885,0.9289926430344572,0.8954501702604347,366.41516492884847,91.87875988651389,0.7413587179269627,0.082928982380908,0.9262507436372119
0.0,0.040285116498363506,0.6498402438921336,0.5650693758841207,178.9392952555476,7.511179079773547,0.25886083844829444,0.48118734019288434,0.9635075124059389
0.0,0.4351911118681247,0.6287016898353525,0.13336454475875698,127.22189855761562,98.02579359256706,0.7967904042798347,0.5509022692803044,0.7310041958340282
0.0,0.09244437923280048,0.5770503181981107,0.377506418651863,43.72116507840512,4.453474665928741,0.3474094525685302,0.4926172680195724,0.5647883441695788
0.0,0.32069394254921896,0.9167088438231181,0.809442135604848,182.0785640350792,85.95756200560706,0.47830030075910096,0.2555726905770783,0.7131272394010253
0.0,0.8682675075220652,0.8559030311791946,0.6055950726136143,30.759576653879886,202.74072441293632,0.3861631496470184,0.8783642224650364,0.3261887790643991
0.0,0.3853799134255277,0.5360775816536273,0.07010219572430407,93.43505526733455,58.58577403566807,0.4173483988426902,0.6958753569075485,0.5586967109375054
0.0,0.047449707663994485,0.7779866877649095,0.15535068124054152,285.0550973891977,14.199545313327965,0.9492902981360799,0.7032541316128408,0.4167940814757094
0.0,0.9267424758596737,0.4704727765433352,0.6791282586341948,12.840731421259038,162.4413515039345,0.1171222843283644,0.6804406742476128,0.3605931268970685
0.0,0.8974362440655126,0.4513769185599722,0.33536287145637367,33.859427120820435,296.2711030291103,0.8791650206998766,0.06636832623965781,0.07905096986385338
0.0,0.9867945797094814,0.2516560245347385,0.24842413183929288,4.308608703348241,321.9671635597869,0.9215021326701873,0.30758109896752056,0.16032146255957488
0.0,0.6348384117601407,0.46466880168082964,0.29297633860205763,78.76875353170261,136.9405545348477,0.1908646550159777,0.5147049825992699,0.916552980428952
0.0,0.5055172228143245,0.43010721696141646,0.3728778951446733,48.74425487585686,49.83198908006492,0.4360250272410965,0.5353549556305902,0.805279899162932
0.0,0.023657205380311526,0.0216824180295946,0.5391594361688297,323.9703429051306,7.849940596142823,0.06999432492665396,0.32716248102413914,0.8519754101733357
0.0,0.44219845298050303,0.8735228865183344,0.3551854717921591,191.71325210434264,151.9811193593522,0.6591434677556602,0.013385724390664423,0.11496912462478365
0.0,0.7621884317596026,0.32748041513404963,0.7104590240061756,72.12090925233073,231.14822851907329,0.7211054562594565,0.8455537060881066,0.9461470502756155
0.0,0.30151036003668713,0.7186423767145967,0.9952414076572883,211.42304353031534,91.26296845036345,0.6155465387529719,0.029610251575685836,0.6577771589591211
0.0,0.14950405373211265,0.21108190991855602,0.05947164367570579,289.5342037754153,50.895641946881,0.8472563899636087,0.8389304892884387,0.5203893306236343
0.0,0.6861989678145339,0.9724582685871359,0.401717281622023,121.80282628371515,266.3502190884426,0.09415347011962187,0.16220550820236454,0.14875272043980475
0.0,0.9080653645887707,0.05246395137223854,0.7506753938619323,20.66570030546209,204.12118456141258,0.6018503911952497,0.35692979670197583,0.6896723015587329
0.0,0.1001857605542761,0.1213270767050272,0.7446688037217505,295.33320991777146,32.88254503593277,0.8652093652176256,0.46168746129529586,0.8726268991869675
0.0,0.598326663499542,0.2984845599336073,0.8868191376766971,102.18805836919546,152.21782094432712,0.8207498662030906,0.6430676338197095,0.33831653135668593
0.0,0.7686350466729897,0.0412737681268142,0.6108541830713903,61.16106547030216,203.18781101600536,0.26841223383810764,0.7329440502543871,0.2637878506208995
0.0,0.2298760604449006,0.6958873569913465,0.4534688818897362,171.551375187688,51.20676330985466,0.40350022277230474,0.8178575586104884,0.0944431133127739
0.0,0.11848665400484089,0.620706306425557,0.2541081887601077,64.78887576165465,8.708452504559078,0.4469500500633127,0.5158101008301522,0.44008650554686324
0.0,0.811195398795202,0.1687496245377191,0.16603662477692746,57.532703502325056,247.1881726585203,0.686336847534441,0.7923149930479424,0.27749421619684184
0.0,0.01548306001570782,0.08854436090723906,0.5235581113106595,371.66361869507676,5.84498842041543,0.04583511004120664,0.9000697584913752,0.7964756653867129
0.0,0.13253888003034842,0.3744423297182478,0.4389132296805565,198.31293857879552,30.30011855249535,0.8396693284036241,0.04200258868415274,0.63361630579546
0.0,0.18221044858308666,0.0051763343761068465,0.5842092183857859,192.20130118711415,42.82408016448609,0.3374603014175477,0.13435950510705197,0.5031363129926799
0.0,0.2962626262351507,0.2832514255184009,0.11581804996989684,301.81046516221653,127.05757057616269,0.08610784329913804,0.9750120538575398,0.8301648613967092
0.0,0.6184452949268548,0.7394861673465335,0.7662576669620278,83.62370120757488,135.54199140665713,0.14433664500119148,0.3909334853755105,0.39307259886819645
0.0,0.3631311121714558,0.9037231927874637,0.21396043813202253,170.75859392632208,97.36345943467231,0.5281169690319708,0.2713818028989033,0.24066229237214598
0.0,0.7111383301598228,0.7567625672626875,0.08257212589401414,57.904940568479326,142.55412553231986,0.6272305252336909,0.3333904359708159,0.4911724060841587
0.0,0.06944809378554327,0.4157109969039556,0.6983344680894823,239.04402620806977,17.840113850829038,0.9966601290799426,0.5678018452555131,0.8900337294882257
0.0,0.16151871072252666,0.5858110666051479,0.029283288599273802,344.3490510655745,66.33280369865416,0.12591614020640204,0.861949816338927,0.01617402395049195
0.0,0.41345893832832686,0.3431792062449505,0.49503902829892155,76.78726088035751,54.12814453304994,0.37223068463152126,0.23238387279061312,0.6841852510181642
0.0,0.2580682144200199,0.5249404493724582,0.9327982573569155,272.33104836867864,94.7256725612557,0.22036673158971026,0.15021366500315173,0.9966242858776799
0.0,0.3,0.3,0.3,128.2720259843842,54.97372542187894,0.3,0.3,0.3
